{
  "dataset_shape": {
    "rows": 284807,
    "columns": 32
  },
  "class_distribution": {
    "0": 284315,
    "1": 492
  },
  "fraud_rate_percent": 0.1727,
  "top_pearson_correlations_with_class": {
    "V11": 0.15487564474394433,
    "V4": 0.13344748623900718,
    "V2": 0.0912886503446179,
    "V21": 0.04041338061057565,
    "V19": 0.034783013036515056,
    "V20": 0.020090324196974638,
    "V8": 0.019875123914794384,
    "V27": 0.01757972818951348,
    "V28": 0.00953604091623609,
    "Amount": 0.005631753006768552
  },
  "train_size": 227845,
  "test_size": 56962,
  "train_fraud_rate": 0.001729,
  "test_fraud_rate": 0.00172,
  "random_forest_metrics": {
    "precision": 0.8421,
    "recall": 0.8163,
    "f1": 0.829,
    "mcc": 0.8288,
    "roc_auc": 0.9747,
    "confusion_matrix": [
      [
        56849,
        15
      ],
      [
        18,
        80
      ]
    ]
  },
  "xgboost_metrics": {
    "precision": 0.8925,
    "recall": 0.8469,
    "f1": 0.8691,
    "mcc": 0.8692,
    "roc_auc": 0.9673,
    "confusion_matrix": [
      [
        56854,
        10
      ],
      [
        15,
        83
      ]
    ]
  },
  "random_forest_cv_f1": {
    "scores": [
      0.821917808219178,
      0.8142857142857143,
      0.7945205479452054,
      0.8387096774193549,
      0.8456375838926175
    ],
    "mean": 0.823,
    "std": 0.0182
  },
  "xgboost_cv_f1": {
    "scores": [
      0.847682119205298,
      0.8450704225352113,
      0.8378378378378378,
      0.8662420382165605,
      0.8707482993197279
    ],
    "mean": 0.8535,
    "std": 0.0127
  },
  "error_analysis": {
    "random_forest_fn_count": 18,
    "random_forest_fp_count": 15,
    "xgboost_fn_count": 15,
    "xgboost_fp_count": 10,
    "xgboost_fn_amount_stats": {
      "count": 15.0,
      "mean": 1.5017583082978176,
      "std": 3.174843862709571,
      "min": -0.2934395304967512,
      "25%": -0.2776496890938308,
      "50%": -0.24467267519038635,
      "75%": 1.0759449451547545,
      "max": 8.567036959407533
    }
  }
}